<?xml version="1.0" encoding="UTF-8"?>
<configurationDescriptor version="69">
  <logicalFolder name="root" displayName="root" projectFiles="true">
    <logicalFolder name="HeaderFiles"
                   displayName="Header Files"
                   projectFiles="true"
                   kind="SOURCE_LOGICAL_FOLDER">
      <itemPath>../Common/CExcept.h</itemPath>
      <itemPath>IpmiProxyLinux.h</itemPath>
      <itemPath>KcsIpmiRequest.h</itemPath>
      <itemPath>KcsIpmiResponse.h</itemPath>
      <itemPath>KcsTransportPluginImpl.h</itemPath>
      <itemPath>resource.h</itemPath>
    </logicalFolder>
    <logicalFolder name="ResourceFiles"
                   displayName="Resource Files"
                   projectFiles="true"
                   kind="SOURCE_LOGICAL_FOLDER">
    </logicalFolder>
    <logicalFolder name="SourceFiles"
                   displayName="Source Files"
                   projectFiles="true"
                   kind="SOURCE_LOGICAL_FOLDER">
      <itemPath>../Common/CExcept.cpp</itemPath>
      <itemPath>IpmiProxyLinux.cpp</itemPath>
      <itemPath>KcsIpmiRequest.cpp</itemPath>
      <itemPath>KcsIpmiResponse.cpp</itemPath>
      <itemPath>KcsTransportPlugin.cpp</itemPath>
      <itemPath>KcsTransportPluginImpl.cpp</itemPath>
      <itemPath>../Common/Logger.cpp</itemPath>
      <itemPath>../Common/OsSpecificCritSectLinux.cpp</itemPath>
    </logicalFolder>
    <logicalFolder name="TestFiles"
                   displayName="Test Files"
                   projectFiles="false"
                   kind="TEST_LOGICAL_FOLDER">
    </logicalFolder>
    <logicalFolder name="ExternalFiles"
                   displayName="Important Files"
                   projectFiles="false"
                   kind="IMPORTANT_FILES_FOLDER">
      <itemPath>Makefile</itemPath>
    </logicalFolder>
  </logicalFolder>
  <projectmakefile>Makefile</projectmakefile>
  <confs>
    <conf name="Debug" type="2">
      <toolsSet>
        <developmentServer>localhost</developmentServer>
        <compilerSet>GNU|GNU</compilerSet>
        <platform>2</platform>
      </toolsSet>
      <compileType>
        <ccTool>
          <incDir>
            <pElem>..</pElem>
            <pElem>../Common</pElem>
          </incDir>
        </ccTool>
      </compileType>
    </conf>
    <conf name="Release" type="2">
      <toolsSet>
        <developmentServer>localhost</developmentServer>
        <compilerSet>GNU|GNU</compilerSet>
        <platform>2</platform>
      </toolsSet>
      <compileType>
        <cTool>
          <developmentMode>5</developmentMode>
        </cTool>
        <ccTool>
          <developmentMode>5</developmentMode>
          <incDir>
            <pElem>..</pElem>
            <pElem>../Common</pElem>
          </incDir>
        </ccTool>
        <fortranCompilerTool>
          <developmentMode>5</developmentMode>
        </fortranCompilerTool>
        <asmTool>
          <developmentMode>5</developmentMode>
        </asmTool>
      </compileType>
    </conf>
  </confs>
</configurationDescriptor>
